{
  "n_test": 460,
  "class_names": [
    "Atelectasis",
    "Cardiomegaly",
    "Effusion",
    "Infiltration",
    "Mass",
    "Nodule",
    "Pneumonia",
    "Pneumothorax",
    "Consolidation",
    "Edema",
    "Emphysema",
    "Fibrosis",
    "Pleural_Thickening",
    "Hernia"
  ],
  "prevalence": [
    0.08260869234800339,
    0.01304347813129425,
    0.043478261679410934,
    0.10000000149011612,
    0.054347824305295944,
    0.041304346174001694,
    0.004347825888544321,
    0.07173912972211838,
    0.043478261679410934,
    0.004347825888544321,
    0.030434781685471535,
    0.03478260710835457,
    0.021739130839705467,
    0.0021739129442721605
  ],
  "rare_classes": [
    "Cardiomegaly",
    "Effusion",
    "Nodule",
    "Pneumonia",
    "Consolidation",
    "Edema",
    "Emphysema",
    "Fibrosis",
    "Pleural_Thickening",
    "Hernia"
  ],
  "real": {
    "macro": {
      "auroc": 0.7271003732868074,
      "ci_lo": 0.689286282494269,
      "ci_hi": 0.7638968553321036
    },
    "per_class": {
      "Atelectasis": {
        "auroc": 0.7909079570965327,
        "ci_lo": 0.7227157250339867,
        "ci_hi": 0.8564550765368352
      },
      "Cardiomegaly": {
        "auroc": 0.8208516886930983,
        "ci_lo": 0.578637138689234,
        "ci_hi": 0.9716008771929825
      },
      "Effusion": {
        "auroc": 0.8284090909090909,
        "ci_lo": 0.7588152212078652,
        "ci_hi": 0.896406692204305
      },
      "Infiltration": {
        "auroc": 0.6614681789540013,
        "ci_lo": 0.5606224173596045,
        "ci_hi": 0.7532732756664803
      },
      "Mass": {
        "auroc": 0.6423908045977011,
        "ci_lo": 0.5444926142865825,
        "ci_hi": 0.7402915433234659
      },
      "Nodule": {
        "auroc": 0.44587659625253606,
        "ci_lo": 0.3057993319252511,
        "ci_hi": 0.5901000198285591
      },
      "Pneumonia": {
        "auroc": 0.5720524017467249,
        "ci_lo": 0.43957625748018764,
        "ci_hi": 0.6999029597282871
      },
      "Pneumothorax": {
        "auroc": 0.7770207934142361,
        "ci_lo": 0.6836751659559502,
        "ci_hi": 0.868230095656865
      },
      "Consolidation": {
        "auroc": 0.8556818181818182,
        "ci_lo": 0.7435741323710073,
        "ci_hi": 0.9412002644138462
      },
      "Edema": {
        "auroc": 0.8449781659388647,
        "ci_lo": 0.7563268501493909,
        "ci_hi": 0.9259259259259258
      },
      "Emphysema": {
        "auroc": 0.8095771941063421,
        "ci_lo": 0.6773057749253536,
        "ci_hi": 0.9183161686148819
      },
      "Fibrosis": {
        "auroc": 0.775197072072072,
        "ci_lo": 0.6485266771465816,
        "ci_hi": 0.8747055743243243
      },
      "Pleural_Thickening": {
        "auroc": 0.6491111111111111,
        "ci_lo": 0.43668369281384656,
        "ci_hi": 0.8436899379520378
      },
      "Hernia": {
        "auroc": 0.7058823529411764,
        "ci_lo": 0.6659752547307133,
        "ci_hi": 0.7466435482489939
      }
    },
    "rare_macro": 0.7307617491952836
  },
  "real_synth": {
    "macro": {
      "auroc": 0.7369581647959799,
      "ci_lo": 0.6954075358689137,
      "ci_hi": 0.7717283130741565
    },
    "per_class": {
      "Atelectasis": {
        "auroc": 0.8214642055375405,
        "ci_lo": 0.7547601197965074,
        "ci_hi": 0.8792893483696537
      },
      "Cardiomegaly": {
        "auroc": 0.8524229074889867,
        "ci_lo": 0.6475403817914831,
        "ci_hi": 0.9946425692211718
      },
      "Effusion": {
        "auroc": 0.8551136363636365,
        "ci_lo": 0.8012926136363636,
        "ci_hi": 0.9104334914433874
      },
      "Infiltration": {
        "auroc": 0.6462927956311699,
        "ci_lo": 0.5569342973532506,
        "ci_hi": 0.7279216592588748
      },
      "Mass": {
        "auroc": 0.5301149425287356,
        "ci_lo": 0.4122654288694447,
        "ci_hi": 0.6425195909785931
      },
      "Nodule": {
        "auroc": 0.45387277718104785,
        "ci_lo": 0.32999150813344363,
        "ci_hi": 0.5809199072143453
      },
      "Pneumonia": {
        "auroc": 0.4748908296943231,
        "ci_lo": 0.355119825708061,
        "ci_hi": 0.5991285403050108
      },
      "Pneumothorax": {
        "auroc": 0.7244340359094457,
        "ci_lo": 0.6075974111528274,
        "ci_hi": 0.820944135508626
      },
      "Consolidation": {
        "auroc": 0.7836363636363637,
        "ci_lo": 0.6475741169950119,
        "ci_hi": 0.8788209374874372
      },
      "Edema": {
        "auroc": 0.812227074235808,
        "ci_lo": 0.616113872289895,
        "ci_hi": 0.9912663755458515
      },
      "Emphysema": {
        "auroc": 0.878122998078155,
        "ci_lo": 0.7921811286595192,
        "ci_hi": 0.9524978240302744
      },
      "Fibrosis": {
        "auroc": 0.796311936936937,
        "ci_lo": 0.6753097141109355,
        "ci_hi": 0.8919202186082766
      },
      "Pleural_Thickening": {
        "auroc": 0.7473333333333333,
        "ci_lo": 0.5724742547425474,
        "ci_hi": 0.8919619047619047
      },
      "Hernia": {
        "auroc": 0.9411764705882353,
        "ci_lo": 0.9216608744154118,
        "ci_hi": 0.962962962962963
      }
    },
    "rare_macro": 0.7595108327536827
  },
  "macro_lift": 0.009857791509172431,
  "rare_macro_lift": 0.028749083558399113
}